id;first_name;last_name;image
1;Taleh;Gurbanzade;base64-text-of-image
2;John;Wick;base64-text-of-image
3;Ned;Stark;base64-text-of-image
4;Sebastian;Rock;base64-text-of-image
5;Clark;Kent;base64-text-of-image
6;Captain;America;base64-text-of-image
7;Tony;Stark;base64-text-of-image
8;Natasha;Romanov;base64-text-of-image
9;Doctor;Strange;base64-text-of-image
10;Vito;Corleone;base64-text-of-image
11;Taleh1;Gurbanzade;base64-text-of-image
12;John1;Wick;base64-text-of-image
13;Ned1;Stark;base64-text-of-image
14;Sebastian1;Rock;base64-text-of-image
15;Clark1;Kent;base64-text-of-image
16;Captain;America;base64-text-of-image
17;Tony1;Stark;base64-text-of-image
18;Natasha1;Romanov;base64-text-of-image
19;Doctor;Steven;base64-text-of-image
20;Micheal;Corleone;base64-text-of-image